label,year,title,channel / publisher,party,published,duration (s),link,note,id
not-AI,2006,"""תודה ביבי נתניהו"" – איחוד לאומי-מפד""ל – בחירות 2006",Ron Nostalgy,,2019-02-19,120,https://www.youtube.com/watch?v=xFINgnRnfLs,,xFINgnRnfLs
not-AI,2006,Israel  Election Commercial Labour Party 2006,awesomeseminars,,2006-09-22,241,https://www.youtube.com/watch?v=w1LNeS9pgNM,,w1LNeS9pgNM
not-AI,2006,Israel 2006 Elections,Shaun O'keefe,,2007-02-18,173,https://www.youtube.com/watch?v=ZnPXCe0WolY,,ZnPXCe0WolY
not-AI,2006,Israel Elections 2006,contactcenter2,,2006-09-10,364,https://www.youtube.com/watch?v=SoXia6oyRCA,,SoXia6oyRCA
not-AI,2006,The Israeli Election of 2006,Elections Israel,,2021-03-04,166,https://www.youtube.com/watch?v=L6xpoSWFqWM,,L6xpoSWFqWM
not-AI,2006,ale-yarok  - תשדירי בחירות 2006 עלה ירוק,meislercom,,2010-05-23,198,https://www.youtube.com/watch?v=LTB2oI05g5E,,LTB2oI05g5E
not-AI,2006,אוצרות ארכיון ישראלי - רון בכר - Israeli archive - תשדירי בחירות 2006,אוצרות ארכיון ישראלי - רון בכר - Israeli archive,,2024-04-26,2972,https://www.youtube.com/watch?v=CEeHQGNNFmk,,CEeHQGNNFmk
not-AI,2006,בחירות 2006 - בנימין נתניהו ועמיר פרץ,lior103,,2008-09-03,83,https://www.youtube.com/watch?v=Q5kpVIQCDEw,,Q5kpVIQCDEw
not-AI,2006,"בחירות 2006 -- בתכנית ""פוליטיקה"", ערוץ 1",Doron Katz,,2011-06-25,112,https://www.youtube.com/watch?v=anOiEVJLppQ,,anOiEVJLppQ
not-AI,2006,בחירות 2006 הסיוט של עם ישראל עלול לחזור,ציוני פטריוטי ישראלי,,2012-10-20,40,https://www.youtube.com/watch?v=2Z74ZGJVVV4,,2Z74ZGJVVV4
not-AI,2006,"בחירות 2006 – נתניהו מסתייע בדיסקין, ידלין ויעלון – אז שותפים, היום יריבים",Ron Nostalgy,,2015-03-08,84,https://www.youtube.com/watch?v=mBV6TwzrwwQ,,mBV6TwzrwwQ
not-AI,2006,בחירות בככר - מאחורי הקלעים של משדר הבחירות של ערוץ 10 - 2006,Gilad Adin,,2014-05-13,485,https://www.youtube.com/watch?v=o48BCQpwU-w,,o48BCQpwU-w
not-AI,2006,בחירות2006,dikiyossi,,2008-10-15,47,https://www.youtube.com/watch?v=AklRrmlVYTg,,AklRrmlVYTg
not-AI,2006,לקט בחירות 2006 - 2008,rzr34,,2008-04-22,309,https://www.youtube.com/watch?v=IreXxXX-Dzw,,IreXxXX-Dzw
not-AI,2006,מפלגת חרות - תשדיר בחירות 2006 (1),מפלגת חרות,,2014-07-23,64,https://www.youtube.com/watch?v=zBRJiMPfdoA,,zBRJiMPfdoA
not-AI,2006,מפלגת חרות - תשדיר בחירות 2006 (2),מפלגת חרות,,2014-07-23,62,https://www.youtube.com/watch?v=77ORMSC-K-I,,77ORMSC-K-I
not-AI,2006,מפלגת חרות - תשדיר בחירות 2006 (3),מפלגת חרות,,2014-07-23,60,https://www.youtube.com/watch?v=U5F7MpLNweU,,U5F7MpLNweU
not-AI,2006,מפלגת חרות - תשדיר בחירות 2006 (4),מפלגת חרות,,2014-07-23,60,https://www.youtube.com/watch?v=lHT-ew13WkE,,lHT-ew13WkE
not-AI,2006,מפלגת חרות - תשדיר בחירות 2006 (5),מפלגת חרות,,2014-07-23,60,https://www.youtube.com/watch?v=N7yfK-2dz38,,N7yfK-2dz38
not-AI,2006,מפלגת חרות - תשדיר בחירות 2006 (6),מפלגת חרות,,2014-07-23,68,https://www.youtube.com/watch?v=nBy5UVw1WZ8,,nBy5UVw1WZ8
not-AI,2006,מפלגת תפנית- בחירות 2006- תסריטאי אייל עדות,eyaledut,,2010-07-24,53,https://www.youtube.com/watch?v=vUjTr25vyR8,,vUjTr25vyR8
not-AI,2006,סיכום משדר בחירות 2006,החדשות,,2008-09-14,163,https://www.youtube.com/watch?v=sOvpMcBahWU,,sOvpMcBahWU
not-AI,2006,סיכום משדר בחירות 2006,David Merhav,,2012-10-10,163,https://www.youtube.com/watch?v=P1hn3AFb_K0,,P1hn3AFb_K0
not-AI,2006,פאנל בחירות 2006,החברתית,,2011-05-16,312,https://www.youtube.com/watch?v=jzAbkom9dJw,,jzAbkom9dJw
not-AI,2006,קדימון למשדר בחירות 2006 - הערוץ הראשון,Ron Nostalgy,,2017-05-12,47,https://www.youtube.com/watch?v=WNrStRUQzAE,,WNrStRUQzAE
not-AI,2006,תזכורת : שהליכוד ונתניהו הובסו בבחירות 2006,יהודי לשעבר Ex-Jew,,2019-01-30,147,https://www.youtube.com/watch?v=19tQOdUExnA,,19tQOdUExnA
not-AI,2006,תשדיר בחירות 2006: אומנים,מפלגת הפיראטים,,2006-12-23,32,https://www.youtube.com/watch?v=ONfIFsvjF3A,,ONfIFsvjF3A
not-AI,2006,תשדיר בחירות 2006: סיבסוד לימודים,מפלגת הפיראטים,,2006-12-23,32,https://www.youtube.com/watch?v=66_wSER8DrM,,66_wSER8DrM
not-AI,2006,תשדירים יהדות התורה ג' בהפקת גרובייס הפקות שנת 2006,יהודה גרובייס,,2015-12-20,589,https://www.youtube.com/watch?v=d1oHHUqYZAo,,d1oHHUqYZAo
not-AI,2009,Israel Elections 2009 awesomeseminars.com Israel Votes,awesomeseminars,,2008-12-13,62,https://www.youtube.com/watch?v=gzRhkKU0yiw,,gzRhkKU0yiw
not-AI,2009,Israel elections 2009 israel votes (awesomeseminars.com)בחירות,awesomeseminars,,2008-12-13,182,https://www.youtube.com/watch?v=rvRhWTEfugA,,rvRhWTEfugA
not-AI,2009,Israel´s election 2009,fardavari,,2009-02-06,149,https://www.youtube.com/watch?v=fW1jJOjz3zo,,fW1jJOjz3zo
not-AI,2009,The Israeli Election of 2009,Elections Israel,,2021-03-05,126,https://www.youtube.com/watch?v=ZJaoMSXUYlU,,ZJaoMSXUYlU
not-AI,2009,אביגדור ליברמן הופך את ישראל ביתנו למפלגה השישית בגודלה בבחירות 2009,ערוץ כנסת 99,,2022-11-01,38,https://www.youtube.com/watch?v=_IRXbjvGbdY,,_IRXbjvGbdY
not-AI,2009,אורי אורבך: משוגעים תרדו מהגג ! הבית היהודי תשדיר בחירות 2009,MrIsraelifighter,,2015-03-06,65,https://www.youtube.com/watch?v=bhk68WzM5oU,,bhk68WzM5oU
not-AI,2009,אחריות - בחירות 2009 - הסקרים קובעים?,AchrayutLaor,,2009-01-26,60,https://www.youtube.com/watch?v=66xIQaJTZj8,,66xIQaJTZj8
not-AI,2009,אלדר טורנר סרטון בחירות 2009,אלדר טורנר,,2012-05-16,151,https://www.youtube.com/watch?v=wT0N_VdLMNE,,wT0N_VdLMNE
not-AI,2009,בחירות 2009 - קמפיין הליכוד,shayz333,,2016-03-12,126,https://www.youtube.com/watch?v=hBm4SQ9wtzg,,hBm4SQ9wtzg
not-AI,2009,בחירות 2009 : הרב מלכיאור על הון ושלטון,yerukmad,,2008-12-31,113,https://www.youtube.com/watch?v=L9_o9tizLoo,,L9_o9tizLoo
not-AI,2009,"בחירות 2009 : יו""ר התנועה הירוקה מימד בתכנית הבוקר בערוץ 2",yerukmad,,2009-01-22,204,https://www.youtube.com/watch?v=QlCXbxaL-h8,,QlCXbxaL-h8
not-AI,2009,בחירות 2009 | ציפי לבני,Tzipi Livni,,2009-02-08,100,https://www.youtube.com/watch?v=qb-wZkiEZrc,,qb-wZkiEZrc
not-AI,2009,בחירת הבלוגרים @ בחירות 2009 | תשדיר בחירות מהשטח,Dr. Carmel Vaisman,,2009-02-03,255,https://www.youtube.com/watch?v=QqGz1tBl6Cw,,QqGz1tBl6Cw
not-AI,2009,"הופעה של עו""ד יניב זייד בערוץ 1 - בחירות 2009",Dr. Yaniv Zaid,,2009-06-21,282,https://www.youtube.com/watch?v=xdACKCe5p2I,,xdACKCe5p2I
not-AI,2009,יהדות התורה סרטון בחירות 4- פברואר 2009,haredibaribua,,2009-02-04,120,https://www.youtube.com/watch?v=Ijmas8GMB-c,,Ijmas8GMB-c
not-AI,2009,כשבקדימה חגגו ניצחון בחירות 2009,newsnic,,2012-05-01,103,https://www.youtube.com/watch?v=riIb65k1-9Q,,riIb65k1-9Q
not-AI,2009,לנצח את בעלי ההון | ערן בן-ימיני | תשדירי בחירות 2009,yerukmad,,2008-12-31,193,https://www.youtube.com/watch?v=GfFjUpatzfE,,GfFjUpatzfE
not-AI,2009,מפלגת העבודה - בחירות 2009 - ג'אלב מג'אדלה,Ehudbarak09,,2008-12-25,62,https://www.youtube.com/watch?v=eVrqaG4X1Ok,,eVrqaG4X1Ok
not-AI,2009,מפלגת העבודה - בחירות 2009 - דניאל בן סימון,Ehudbarak09,,2008-12-25,70,https://www.youtube.com/watch?v=uN2jbPMhJbE,,uN2jbPMhJbE
not-AI,2009,מפלגת העבודה - בחירות 2009 - ליאון ליטנצקי,Ehudbarak09,,2008-12-25,65,https://www.youtube.com/watch?v=muPAYbBTjf8,,muPAYbBTjf8
not-AI,2009,מפלגת העבודה - בחירות 2009 - עינת וילף.,Ehudbarak09,,2008-12-25,95,https://www.youtube.com/watch?v=Ag-CpaQaegc,,Ag-CpaQaegc
not-AI,2009,מפלגת העבודה - בחירות 2009 - עמיר פרץ,Ehudbarak09,,2008-12-25,145,https://www.youtube.com/watch?v=A8kROMigy-U,,A8kROMigy-U
not-AI,2009,מפלגת העבודה - בחירות 2009 - שלי יחימוביץ,Ehudbarak09,,2008-12-25,72,https://www.youtube.com/watch?v=kxl08YRMsj8,,kxl08YRMsj8
not-AI,2009,מפלגת העבודה- בחירות 2009- תסריטאי אייל עדות,eyaledut,,2010-07-24,182,https://www.youtube.com/watch?v=ByYPvs_jn8g,,ByYPvs_jn8g
not-AI,2009,מפלגת העבודה- בחירות 2009- תסריטאי אייל עדות,eyaledut,,2010-08-08,39,https://www.youtube.com/watch?v=5aa7V-gg-E4,,5aa7V-gg-E4
not-AI,2009,מרצ - תשדירי בחירות 2009 - ליברמן,Ilai Harsgor Hendin,,2011-01-06,30,https://www.youtube.com/watch?v=GQWMn1KEq3I,,GQWMn1KEq3I
not-AI,2009,נתניהו פונה לשותפים הטבעיים לאחר פרסום המדגמים בבחירות 2009,ערוץ כנסת 99,,2022-11-01,22,https://www.youtube.com/watch?v=4mLn87p2fpo,,4mLn87p2fpo
not-AI,2009,סיכומי השבוע של רשת ב' - בחירות 2009 והשבעת ממשלת נתניהו השנייה,mauzer1,,2013-08-12,281,https://www.youtube.com/watch?v=i2G_rJPFgFU,,i2G_rJPFgFU
not-AI,2009,סרטון - בחירות 2009,Dan Design Center,,2015-06-15,15,https://www.youtube.com/watch?v=o-eMlK0KPYU,,o-eMlK0KPYU
not-AI,2009,סרטון ויצו ישראל לקראת הבחירות בישראל 2009,WizoIsrael,,2009-11-16,56,https://www.youtube.com/watch?v=v9Qh4CgMoeg,,v9Qh4CgMoeg
not-AI,2009,"ש''ס, בחירות 2009",ShasIsrael2009,,2009-02-06,252,https://www.youtube.com/watch?v=2XYDyD2Qx0c,,2XYDyD2Qx0c
not-AI,2009,תעמולת בחירות 2009 | יש ירוק אחד: התנועה הירוקה-מימד,yerukmad,,2009-01-27,60,https://www.youtube.com/watch?v=e8YfQw427nw,,e8YfQw427nw
not-AI,2009,תעמולת בחירות 2009 | מרצ? עבודה? קדימה? ממש לא.,yerukmad,,2008-12-31,69,https://www.youtube.com/watch?v=ccDwlTAa0mU,,ccDwlTAa0mU
not-AI,2009,תשדיר בחירות דעם 2009,Jonathan Ben Efrat,,2012-10-10,84,https://www.youtube.com/watch?v=dKgiRfK8mjk,,dKgiRfK8mjk
not-AI,2009,תשדיר בחירות דעם 2009,מפלגת דעם,,2012-10-22,84,https://www.youtube.com/watch?v=Q_LznLt8DjQ,,Q_LznLt8DjQ
not-AI,2009,תשדיר הבחירות של מפלגת הכח להשפיע- (הנכים) לבחירות 2009.,Doron Henya,,2010-01-04,60,https://www.youtube.com/watch?v=poi-nDc_zUU,,poi-nDc_zUU
not-AI,2009,תשדירי בחירות 2009,Ehudbarak09,,2009-01-28,121,https://www.youtube.com/watch?v=fXhywBzniSg,,fXhywBzniSg
not-AI,2009,תשדירי בחירות 2009 :  ירוקים זה פה | מאחורי הקלעים,yerukmad,,2009-01-26,117,https://www.youtube.com/watch?v=Jk7pbrB2hqQ,,Jk7pbrB2hqQ
not-AI,2009,תשדירי בחירות 2009 | הכנס הגדול של התנועה הירוקה-מימד,yerukmad,,2009-01-28,60,https://www.youtube.com/watch?v=gjBeyXzBXRU,,gjBeyXzBXRU
not-AI,2009,תשדירי בחירות 2009 | הרב מיכאל מלכיאור על תקציבי תרבות,yerukmad,,2008-12-31,65,https://www.youtube.com/watch?v=Cz9Z8hzrg8E,,Cz9Z8hzrg8E
not-AI,2009,תשדירי בחירות 2009 | הרב מלכיאור נגד חקיקה דתית,yerukmad,,2008-12-31,177,https://www.youtube.com/watch?v=5dAXjwvhn7c,,5dAXjwvhn7c
not-AI,2009,תשדירי בחירות 2009 | חינוך מיני בכנסת,yerukmad,,2009-01-07,131,https://www.youtube.com/watch?v=f4NNogrTQuw,,f4NNogrTQuw
not-AI,2009,תשדירי בחירות 2009 | פרופ' אלון טל | הירוקה מימד,yerukmad,,2008-12-31,202,https://www.youtube.com/watch?v=b5ZsqvsgcMM,,b5ZsqvsgcMM
not-AI,2009,תשדירי בחירות 2009: איריס האן על כלכלה סביבתית,yerukmad,,2009-01-07,91,https://www.youtube.com/watch?v=20qZTGHBdOI,,20qZTGHBdOI
not-AI,2013,Aleh Yarok - Israeli Election Ad 2013 (English Subtitles),IsraeliElections2013,,2013-01-09,30,https://www.youtube.com/watch?v=EaYm6ePnxfs,,EaYm6ePnxfs
not-AI,2013,Balad - Israeli Election Ad 2013 (English Subtitles),IsraeliElections2013,,2013-01-09,174,https://www.youtube.com/watch?v=lFQuzOL4jvg,,lFQuzOL4jvg
not-AI,2013,Habayit Hayehudi - Israeli Election Ad 2013 (English Subtitles),IsraeliElections2013,,2013-01-09,30,https://www.youtube.com/watch?v=mKSgbtycZEE,,mKSgbtycZEE
not-AI,2013,ISRAELI KNESSET ELECTIONS 2013: campaigns heat up as hopefuls hit Israel's TV screens,JewishNewsOne,,2013-01-09,44,https://www.youtube.com/watch?v=wzd5BXTeq5A,,wzd5BXTeq5A
not-AI,2013,ISRAELI KNESSET ELECTIONS 2013: will Naftali Bennett emerge as the biggest winner?,JewishNewsOne,,2013-01-09,210,https://www.youtube.com/watch?v=RfjFNoeRqhI,,RfjFNoeRqhI
not-AI,2013,Israeli Election 2013: Netanyahu and Lieberman kick off their joint election campaign,JewishNewsOne,,2012-12-27,108,https://www.youtube.com/watch?v=7ytVujIAjWM,,7ytVujIAjWM
not-AI,2013,Israeli Election 2013: Netanyahu and Lieberman launch right-wing alliance,JewishNewsOne,,2012-12-26,48,https://www.youtube.com/watch?v=ehDhrChC93o,,ehDhrChC93o
not-AI,2013,Kadima - Israeli Election Ad 2013 (English Subtitles),IsraeliElections2013,,2013-01-09,69,https://www.youtube.com/watch?v=38Ha0vjeu-w,,38Ha0vjeu-w
not-AI,2013,Kadima TV Ad 2013 Israeli Elections - Shaul Mofaz - english subtitles,BLA5HPHEMY,,2013-01-23,115,https://www.youtube.com/watch?v=z9Z99lsI8eM,,z9Z99lsI8eM
not-AI,2013,Likud Beitenu - Israeli Election Ad 2013 (English Subtitles),IsraeliElections2013,,2013-01-09,61,https://www.youtube.com/watch?v=2IsMjvkEzk8,,2IsMjvkEzk8
not-AI,2013,Meretz - Israeli Election Ad 2013 (English Subtitles),IsraeliElections2013,,2013-01-10,47,https://www.youtube.com/watch?v=gPk3xSrRNcM,,gPk3xSrRNcM
not-AI,2013,Shas - Israeli Election Ad 2013 (English Subtitles),IsraeliElections2013,,2013-01-09,60,https://www.youtube.com/watch?v=b8D2O71jUZU,,b8D2O71jUZU
not-AI,2013,The Israeli Election of 2013,Elections Israel,,2021-03-07,125,https://www.youtube.com/watch?v=202PyqK41Go,,202PyqK41Go
not-AI,2013,Yesh Atid - Israeli Election Ad 2013 (English Subtitles),IsraeliElections2013,,2013-01-09,60,https://www.youtube.com/watch?v=c22PpU5DUL4,,c22PpU5DUL4
not-AI,2013,"אל תשליכני לעת זקנה - תשדיר בחירות ש""ס 2013",אריה דרעי,,2013-01-08,60,https://www.youtube.com/watch?v=wilmV83Ge0U,,wilmV83Ge0U
not-AI,2013,בחירות 2013 | מוטי יוגב - הבית היהודי,אוניברסיטת חיפה - University of Haifa,,2013-01-14,2780,https://www.youtube.com/watch?v=i-NReQb4ZrI,,i-NReQb4ZrI
not-AI,2013,בחירות 2013 ׀ 25.10.2013 - הליכוד וישראל ביתנו מתאחדות,TV rec.,,2013-11-03,2029,https://www.youtube.com/watch?v=lve5JZu2zkc,,lve5JZu2zkc
not-AI,2013,בחירות 2013: השר סילבן שלום,TheMarker Online,,2012-11-12,478,https://www.youtube.com/watch?v=bw-Q0Gg54cM,,bw-Q0Gg54cM
not-AI,2013,בחירות 2013: מה דעתנו,LancerCrew,,2013-01-18,300,https://www.youtube.com/watch?v=QucSp3Gqdq0,,QucSp3Gqdq0
not-AI,2013,"בחירות 2013: סיכום יום הבחירות במפלגת ""העבודה""",nrg,,2013-01-23,173,https://www.youtube.com/watch?v=Yid9virVMz0,,Yid9virVMz0
not-AI,2013,"בחירות 2013: סיכום יום הבחירות והחגיגות במפלגת ""יש עתיד""",nrg,,2013-01-23,201,https://www.youtube.com/watch?v=ajmyn-Pr54E,,ajmyn-Pr54E
not-AI,2013,בחירות 2013: סיכום ליל בחירות - הבית היהודי,nrg,,2013-01-23,92,https://www.youtube.com/watch?v=75fjcaXOqaI,,75fjcaXOqaI
not-AI,2013,בחירות 2013: פוליטיקה גבוהה - ספיישל תשדירי בחירות,nrg,,2013-01-08,210,https://www.youtube.com/watch?v=WjwYUVjTxNI,,WjwYUVjTxNI
not-AI,2013,בחירות 2013: תשדיר הבית היהודי,pythonical monty,,2013-01-08,40,https://www.youtube.com/watch?v=jlobGXHUb6U,,jlobGXHUb6U
not-AI,2013,בחירות 2013: תשדיר ראשון לטלויזיה - דינמיקרטיה,Pirate Party Israel - מפלגת הפיראטים,,2013-01-08,60,https://www.youtube.com/watch?v=di5BgXKAHRQ,,di5BgXKAHRQ
not-AI,2013,בחירות מקומיות 2013 יש עתיד - מדברים מהשטח!,יאיר לפיד,,2013-09-03,298,https://www.youtube.com/watch?v=PVRYnMXGbcM,,PVRYnMXGbcM
not-AI,2013,המקרנה חוזרת ובגדול- ג'ינגל הבחירות של מרצ 2013,itaizil1,,2013-01-07,84,https://www.youtube.com/watch?v=bO1mAyBIqUI,,bO1mAyBIqUI
not-AI,2013,הסיבה לכישלון הליכוד בחירות 2013 כולל סטטיסטיקות,כח הימין לשלטון,,2013-01-29,107,https://www.youtube.com/watch?v=1qqjHvAXrQg,,1qqjHvAXrQg
not-AI,2013,"ח""כ ניצן הורוביץ בהשקת קמפיין מרצ לבחירות 2013",MeretzVideos,,2012-12-16,110,https://www.youtube.com/watch?v=sJvw2jv9dhM,,sJvw2jv9dhM
not-AI,2013,יהדות התורה - קמפיין בחירות 2013,Yishay Raziel,,2013-01-09,256,https://www.youtube.com/watch?v=XYHF7a7mYOM,,XYHF7a7mYOM
not-AI,2013,כל אחד והירוק שלו - בחירות 2013,HatnuaHayeruka,,2013-01-13,53,https://www.youtube.com/watch?v=0Knz1jjwAPQ,,0Knz1jjwAPQ
not-AI,2013,לפיד חוגג את ההישג בבחירות 2013,ערוץ כנסת 99,,2022-11-01,11,https://www.youtube.com/watch?v=7ZBytJ-zY9M,,7ZBytJ-zY9M
not-AI,2013,מפלגת כלכלה - תעמולת בחירות 2013 סירטון 1,מפלגת כלכלה,,2013-01-08,60,https://www.youtube.com/watch?v=opvOkeUh9VQ,,opvOkeUh9VQ
not-AI,2013,מצחיק - הצביעו העבודה בחירות 2013,ani retzeeni,,2012-11-01,36,https://www.youtube.com/watch?v=JIM0f52-w6U,,JIM0f52-w6U
not-AI,2013,מקבץ תשדירי בחירות 2013.wmv,dudu david,,2013-01-10,568,https://www.youtube.com/watch?v=gBGUS68uL5k,,gBGUS68uL5k
not-AI,2013,מרצ - תשדיר סיום מערכת הבחירות 2013,NimitzTV,,2013-01-18,60,https://www.youtube.com/watch?v=DLwsGMQeSSs,,DLwsGMQeSSs
not-AI,2013,מרצ -בחירות 2013 - אתה בסדר,Studio Elefant,,2013-02-06,97,https://www.youtube.com/watch?v=IF2yLwB0Qa0,,IF2yLwB0Qa0
not-AI,2013,מרצ סוגרת מסע בחירות 2013 - 18/01/2013,Dor Malul,,2013-01-25,101,https://www.youtube.com/watch?v=65ETxpXdhp8,,65ETxpXdhp8
not-AI,2013,סיכום תעמולת הבחירות 2013,אוניברסיטת אריאל \ Ariel University  ,,2013-01-23,294,https://www.youtube.com/watch?v=apE36IAjpKw,,apE36IAjpKw
not-AI,2013,סקר בחירות 2013: עלה ירוק עם 8 מנדטים (מכללת ספיר),עלה ירוק - הרשימה הליברלית,,2012-12-18,245,https://www.youtube.com/watch?v=7in6Px_gHJI,,7in6Px_gHJI
not-AI,2013,סרטון תעמולת בחירות 2013- מפלגת הפיראטים,priel hackim,,2013-05-30,60,https://www.youtube.com/watch?v=aqCzQcLxltI,,aqCzQcLxltI
not-AI,2013,עמיר פרץ - מפלגת העבודה - בחירות 2013,עמיר פרץ,,2012-10-22,431,https://www.youtube.com/watch?v=Y1JICNDTLys,,Y1JICNDTLys
not-AI,2013,עמיר פרץ - מפלגת העבודה - בחירות 2013,עמיר פרץ,,2012-11-11,751,https://www.youtube.com/watch?v=OChRoPiCdw0,,OChRoPiCdw0
not-AI,2013,עמיר פרץ - מפלגת העבודה לקראת בחירות 2013,עמיר פרץ,,2012-10-30,246,https://www.youtube.com/watch?v=sgQv8P3FKdY,,sgQv8P3FKdY
not-AI,2013,"ערוץ הכנסת - פאנל: בחירות 2013, 28.10.12",ערוץ כנסת 99,,2012-11-07,271,https://www.youtube.com/watch?v=PnOQ69pcBYQ,,PnOQ69pcBYQ
not-AI,2013,קמפיין בחירות- מרצ 2013,Avi Weissblei,,2013-01-07,60,https://www.youtube.com/watch?v=_l6ml2jy82M,,_l6ml2jy82M
not-AI,2013,קמפיין הליכוד 2013 | סרטון בחירות הומוריסטי לרשת,פאוזה בית הפקות - Pausa Production House,,2013-03-19,106,https://www.youtube.com/watch?v=DgXydfILl-0,,DgXydfILl-0
not-AI,2013,"ש""ס - אריה דרעי אני מאמין / בחירות 2013",הפורום הדתי בת-ים,,2013-01-15,1020,https://www.youtube.com/watch?v=bytfA5Us8vQ,,bytfA5Us8vQ
not-AI,2013,"ש""ס - תשדיר בחירות 2013 - אוהבים את מרן!",הפורום הדתי בת-ים,,2013-01-13,60,https://www.youtube.com/watch?v=2Sqc_XEWa5g,,2Sqc_XEWa5g
not-AI,2013,"ש""ס - תשדיר בחירות 2013 / מצביעים ש""ס שומרים על נתניהו",הפורום הדתי בת-ים,,2013-01-21,21,https://www.youtube.com/watch?v=6lSqEDl-Drw,,6lSqEDl-Drw
not-AI,2013,"ש""ס צו 8 - קליפ - בחירות 2013",הפורום הדתי בת-ים,,2013-01-06,270,https://www.youtube.com/watch?v=fvNls-H0vgk,,fvNls-H0vgk
not-AI,2013,תעמולת בחירות 2013,Ran Greenfeld,,2013-01-09,80,https://www.youtube.com/watch?v=T358mjwKXGw,,T358mjwKXGw
not-AI,2013,תעמולת בחירות לש''ס 2013,תרבות חברה ופיוט,,2013-01-06,260,https://www.youtube.com/watch?v=JtTiIv7-igQ,,JtTiIv7-igQ
not-AI,2013,תשדיר בחירות 2013 שס. עושים שס באצבעות,2222055,,2013-01-17,69,https://www.youtube.com/watch?v=gAXV2OwYSuQ,,gAXV2OwYSuQ
not-AI,2013,"תשדיר בחירות של מפלגת ""ברית עולם"", 2013",shiraandshaul,,2013-01-09,61,https://www.youtube.com/watch?v=mYyjYNgj13g,,mYyjYNgj13g
not-AI,2013,"תשדיר הבחירות של ש""ס- כוכבית גיור ומקבלים אישור.HD 2013",יוסי שחר צילום אירועים,,2013-01-09,60,https://www.youtube.com/watch?v=iIyqzUw9Uxc,,iIyqzUw9Uxc
not-AI,2013,תשדיר הבחירות של תל חרוב בחירות 2013,Avi D,,2013-01-26,181,https://www.youtube.com/watch?v=LQvKZAlnF8g,,LQvKZAlnF8g
not-AI,2013,תשדירי הבית היהודי 2013: במה אנחנו מאמינים?,נפתלי בנט | Naftali Bennett,,2013-01-08,87,https://www.youtube.com/watch?v=XwNRv4EfPfU,,XwNRv4EfPfU
not-AI,2013,תשדירי הבית היהודי 2013: מה זה הבית היהודי בשבילי?,נפתלי בנט | Naftali Bennett,,2013-01-08,60,https://www.youtube.com/watch?v=toDIWQY4HMQ,,toDIWQY4HMQ
not-AI,2013,תשדירי הבית היהודי 2013: נלחמים בשבילך גם בכנסת,נפתלי בנט | Naftali Bennett,,2013-01-07,30,https://www.youtube.com/watch?v=BYnvD66cwGM,,BYnvD66cwGM
not-AI,2013,תשדירי הבית היהודי 2013: סטטוסו של יום 1,נפתלי בנט | Naftali Bennett,,2013-01-09,48,https://www.youtube.com/watch?v=27edDnNXU_E,,27edDnNXU_E
not-AI,2013,תשדירי הבית היהודי 2013: סטטוסו של יום 2,נפתלי בנט | Naftali Bennett,,2013-01-08,32,https://www.youtube.com/watch?v=F4r9tPFS2uc,,F4r9tPFS2uc
not-AI,2015,"Israel Elections 2015: Campaigns, Policies and Potential Coalitions 04/03/2015",i24NEWS English,,2015-03-09,2848,https://www.youtube.com/watch?v=yspoCj4yiNA,,yspoCj4yiNA
not-AI,2015,"Israel Elections 2015: In Media & Campaigns, scandals mask the issues 19/02/2015",i24NEWS English,,2015-02-24,965,https://www.youtube.com/watch?v=ujfMHe8fPgk,,ujfMHe8fPgk
not-AI,2015,Israel Elections 2015: Why the Exit Polls Were So Off | The New York Times,The New York Times,,2015-03-19,122,https://www.youtube.com/watch?v=GSs4S-5EGC8,,GSs4S-5EGC8
not-AI,2015,Israeli Election 2015: Wootliff,JBS,,2015-03-19,1735,https://www.youtube.com/watch?v=O34lCSU044M,,O34lCSU044M
not-AI,2015,Israeli Elections 2015. Will Netanyahu Win?,The Young Turks,,2015-03-17,176,https://www.youtube.com/watch?v=xPnhUThZsd4,,xPnhUThZsd4
not-AI,2015,Israeli Elections 2015: Will scandals take their toll on Israeli PM Netanyahu's campaign? - 03/02/20,i24NEWS English,,2015-02-05,960,https://www.youtube.com/watch?v=U6qzOdmTvnU,,U6qzOdmTvnU
not-AI,2015,Likud 2015 election broadcast - 2015 -  Трансляция выборов Ликуда - תשדיר בחירות של הליכוד 2015,CCCP КГБ Канал USSR KGB Channel,,2023-11-05,41,https://www.youtube.com/watch?v=mb1qVHmj08o,,mb1qVHmj08o
not-AI,2015,בחירות 2015,Asher Levy,,2014-12-15,124,https://www.youtube.com/watch?v=3evPqY4pFFo,,3evPqY4pFFo
not-AI,2015,בחירות 2015,שחם - ארגון השחקנים והשחקניות בישראל,,2015-03-08,38,https://www.youtube.com/watch?v=WeA2vthF8J4,,WeA2vthF8J4
not-AI,2015,בחירות 2015 - המתמודדים לכנסת משיבים על שאלות,Calcalist | כלכליסט,,2015-02-10,20,https://www.youtube.com/watch?v=WyrJYsJWCfE,,WyrJYsJWCfE
not-AI,2015,"בחירות 2015 הצביעו רק ש""ס יהדות התורה וליכוד התורה הרב עובדיה והרבי מלובביץ ינצחו בסייעתא דשמיא",MEIRSEB SHMUELI,,2015-03-13,165,https://www.youtube.com/watch?v=Fg55cxfhg3o,,Fg55cxfhg3o
not-AI,2015,בחירות 2015 סרטון שני,Asher Levy,,2015-01-12,220,https://www.youtube.com/watch?v=ZAzzVFVWykM,,ZAzzVFVWykM
not-AI,2015,"בחירות 2015 ש""ס",אורן יפרח,,2015-03-12,127,https://www.youtube.com/watch?v=K0qFBeRdZf0,,K0qFBeRdZf0
not-AI,2015,"בחירות 2015 תשדיר #8 מפלגת עמ""ל (ערבים מאוכזבי ליכוד) והצריף המוסלמי",Joseph Omessi,,2015-03-03,289,https://www.youtube.com/watch?v=Yr3UkTbLyaA,,Yr3UkTbLyaA
not-AI,2015,"בחירות 2015: העימות השישי:: ""יש עתיד"" מול ""מרצ"":: I.E.T.V",ערוץ IETV 140 ,,2015-02-19,3501,https://www.youtube.com/watch?v=2aWUzXB1tZQ,,2aWUzXB1tZQ
not-AI,2015,בחירות 2015: מי בבית היהודי רוצה לפוצץ את הר הבית?,Graham Arnest,,2015-01-19,50,https://www.youtube.com/watch?v=0ASfUr4T8Q8,,0ASfUr4T8Q8
not-AI,2015,"בחירות 2015: עימות עשירי:: ""יש עתיד"" מול ""כולנו"":: I.E.T.V",ערוץ IETV 140 ,,2015-03-04,3362,https://www.youtube.com/watch?v=c_O3cS5tyxc,,c_O3cS5tyxc
not-AI,2015,גינגל יום הבחירות הבית היהודי 2015,הציונות הדתית עפולה,,2015-03-16,55,https://www.youtube.com/watch?v=Ja6SJUuFVoQ,,Ja6SJUuFVoQ
not-AI,2015,הבית היהודי פתח תקווה בחירות 2015,אוהד שגיב,,2015-02-17,211,https://www.youtube.com/watch?v=muXHb_0QrYI,,muXHb_0QrYI
not-AI,2015,המקור - הדרמה הגדולה של בחירות 2015 | חלק 1,》Q《,,2020-10-24,2710,https://www.youtube.com/watch?v=uko00ALRRLQ,,uko00ALRRLQ
not-AI,2015,הפיראטים - הפתק הלבן - תשדיר בחירות 2015,Pirate Party Israel - מפלגת הפיראטים,,2015-03-07,60,https://www.youtube.com/watch?v=FzhEzZqUyv4,,FzhEzZqUyv4
not-AI,2015,הפתעת בחירות 2015  - מהפך עם צעיר כריזמטי ובעל כושר שכנוע מדהים,Yuval ben basat,,2014-12-07,24,https://www.youtube.com/watch?v=YCiXVl6qnHo,,YCiXVl6qnHo
not-AI,2015,הרב עובדיה יוסף בחירות 2015,O,,2015-03-04,492,https://www.youtube.com/watch?v=fju92DN_EgA,,fju92DN_EgA
not-AI,2015,"הרצוג לפני בחירות 2015: שלי מלכלכת, אני מנסה לחתוך למרכז | מתוך חדשות הערב 26.11.17",כאן | חדשות - תאגיד השידור הישראלי,,2017-11-26,394,https://www.youtube.com/watch?v=6_xyww1U5bU,,6_xyww1U5bU
not-AI,2015,יהדות התורה - קמפיין בחירות 2015 - כספומטקלפי,מני וקשטוק,,2015-03-17,72,https://www.youtube.com/watch?v=oI8XNXcdb6Y,,oI8XNXcdb6Y
not-AI,2015,יום שידורים בחירות 2015 עם מינה צמח,IsraeliNetwork,,2015-03-16,53,https://www.youtube.com/watch?v=ArfC4s3MxV0,,ArfC4s3MxV0
not-AI,2015,יש עתיד יוצאים לדרך- בחירות 2015- באנו לנצח!,יאיר לפיד,,2014-12-05,111,https://www.youtube.com/watch?v=-yBXuVyqFnU,,-yBXuVyqFnU
not-AI,2015,כנס הליכוד - בחירות 2015,גו-לייב | Go-live,,2015-01-13,87,https://www.youtube.com/watch?v=tqUW3jEiZwY,,tqUW3jEiZwY
not-AI,2015,מאחורי הקלעים צילומי תשדירי בחירות 2015 - ינון מגל ואילת שקד,נפתלי בנט | Naftali Bennett,,2015-03-01,61,https://www.youtube.com/watch?v=MG9hB-GVG2E,,MG9hB-GVG2E
not-AI,2015,מהפך עם מרצ בתוך הממשלה | קליפ בחירות  2015 - לא מצונזר - המקורי,אמא של בנצי,,2015-01-22,118,https://www.youtube.com/watch?v=q3EWTUjsbe0,,q3EWTUjsbe0
not-AI,2015,מהפך עם מרצ בתוך הממשלה | קליפ בחירות 2015 | שמאל זה מרצ,MeretzVideos,,2015-01-22,127,https://www.youtube.com/watch?v=cgNNOal0RZk,,cgNNOal0RZk
not-AI,2015,מהפך עם מרצ- שיר בחירות 2015,Filma,,2015-02-04,97,https://www.youtube.com/watch?v=QRndpo_ZcI0,,QRndpo_ZcI0
not-AI,2015,מטה הליכוד בחירות 2015,סרטונים מהפוליטיקה,,2019-01-28,595,https://www.youtube.com/watch?v=KiLnqRE43h8,,KiLnqRE43h8
not-AI,2015,סרטון בחירות 2015,Dan Dan,,2015-03-15,96,https://www.youtube.com/watch?v=os65gUGLRvA,,os65gUGLRvA
not-AI,2015,עדה עובד - בחירות 2015,Ada Oved,,2015-02-06,223,https://www.youtube.com/watch?v=o5WN6Nwlu1k,,o5WN6Nwlu1k
not-AI,2015,עליזה לביא מצע נשים יש עתיד בחירות 2015,עליזה לביא,,2015-03-11,134,https://www.youtube.com/watch?v=pxrjfjdsOJ4,,pxrjfjdsOJ4
not-AI,2015,"ערוץ הכנסת - בחירות 2015, הפעם כולם מצביעים",ערוץ כנסת 99,,2015-01-25,35,https://www.youtube.com/watch?v=Nwdy0pINoLY,,Nwdy0pINoLY
not-AI,2015,"ערוץ הכנסת - הכי קרוב לקלפי, בחירות 2015",ערוץ כנסת 99,,2014-12-29,41,https://www.youtube.com/watch?v=UHsAlo00Cno,,UHsAlo00Cno
not-AI,2015,ערוץ הכנסת - כמה מנדטים חשבו הפוליטיקאים שיקבלו בבחירות 2015?,ערוץ כנסת 99,,2015-03-18,64,https://www.youtube.com/watch?v=r9lur91-X7Y,,r9lur91-X7Y
not-AI,2015,"ערוץ הכנסת - תשדירי התעמולה, אז והיום. 3.3.2015",ערוץ כנסת 99,,2015-03-03,452,https://www.youtube.com/watch?v=IofTQRq23Ow,,IofTQRq23Ow
not-AI,2015,פתיח משדר בחירות לכנסת העשרים 17.03.2015,Bladeworx Israel,,2015-05-18,22,https://www.youtube.com/watch?v=n0aqjik-y3g,,n0aqjik-y3g
not-AI,2015,קישקישקריא - בחירות 2015  מי שמצביע משפיע,קישקישקריא,,2015-01-01,35,https://www.youtube.com/watch?v=9pGaqHFvcvg,,9pGaqHFvcvg
not-AI,2015,"רק ש""ס קליפ בחירות 2015",נאמן למרן שס,,2019-01-06,292,https://www.youtube.com/watch?v=jgHznWdD7EQ,,jgHznWdD7EQ
not-AI,2015,שידור מקוון בחירות 2015 - הכנה לפאנל פוליטי,תמיד אזרחות,,2015-02-01,1873,https://www.youtube.com/watch?v=LgpBnlwF1Z0,,LgpBnlwF1Z0
not-AI,2015,תשדיר בחירות 2015 - ישראל ביתינו,Reuth Barak,,2015-03-03,60,https://www.youtube.com/watch?v=qMQVTWO_cTY,,qMQVTWO_cTY
not-AI,2015,תשדיר הירוקים בחירות 2015,israeligreenparty,,2015-03-03,60,https://www.youtube.com/watch?v=LJh4kEY1rwk,,LJh4kEY1rwk
not-AI,2015,תשדירי בחירות 2015 (הבחירות לכנסת העשרים),Asher Stern,,2016-03-15,2408,https://www.youtube.com/watch?v=RNCtXBCC20A,,RNCtXBCC20A
not-AI,2019,"""בחירות 2019: בנט משיק את קמפיין ""הימין החדש",ynet,,2019-03-31,72,https://www.youtube.com/watch?v=pZP4vx78VNQ,,pZP4vx78VNQ
not-AI,2019,#IsraElections2019: Yuli Edelstein on Netanyahu and Likud,i24NEWS English,,2019-03-03,632,https://www.youtube.com/watch?v=ztITtkYEJNc,,ztITtkYEJNc
not-AI,2019,2019 Israeli Elections Explained,i24NEWS English,,2019-03-19,189,https://www.youtube.com/watch?v=trABzxoiuN8,,trABzxoiuN8
not-AI,2019,Israel's Political Battleground: Elections in 2019,i24NEWS English,,2018-12-24,393,https://www.youtube.com/watch?v=iVuSlpswTvc,,iVuSlpswTvc
not-AI,2019,"Official Israeli Election Campaign Commercials: Monday, April 1, 2019 - תשדירי תעמולת בחירות",Ahron Shapiro,,2019-04-02,1686,https://www.youtube.com/watch?v=jZcAhULIjAs,,jZcAhULIjAs
not-AI,2019,"Official Israeli Election Campaign Commercials: Monday, September 9, 2019 - תשדירי תעמולת בחירות",Ahron Shapiro,,2019-09-10,1816,https://www.youtube.com/watch?v=aj42hnODwZQ,,aj42hnODwZQ
not-AI,2019,"Official Israeli Election Campaign Commercials: Sunday, March 31, 2019 - תשדירי תעמולת בחירות",Ahron Shapiro,,2019-04-01,1392,https://www.youtube.com/watch?v=jTsktHExdIw,,jTsktHExdIw
not-AI,2019,"Official Israeli Election Campaign Commercials: Sunday, September 8, 2019 - תשדירי תעמולת בחירות",Ahron Shapiro,,2019-09-09,1484,https://www.youtube.com/watch?v=j20rCRPU58Q,,j20rCRPU58Q
not-AI,2019,"Official Israeli Election Campaign Commercials: Thursday, September 12, 2019 - תשדירי תעמולת בחירות",Ahron Shapiro,,2019-09-13,2201,https://www.youtube.com/watch?v=jOqKh-uRsQs,,jOqKh-uRsQs
not-AI,2019,"Official Israeli Election Campaign Commercials: Thursday, September 5, 2019 - תשדירי תעמולת בחירות",Ahron Shapiro,,2019-09-06,2212,https://www.youtube.com/watch?v=v9h3lxIK-2o,,v9h3lxIK-2o
not-AI,2019,"Official Israeli Election Campaign Commercials: Tuesday, September 10, 2019 - תשדירי תעמולת בחירות",Ahron Shapiro,,2019-09-11,1785,https://www.youtube.com/watch?v=sJEblsOPTr8,,sJEblsOPTr8
not-AI,2019,"Official Israeli Election Campaign Commercials: Wednesday, April 3, 2019 - תשדירי תעמולת בחירות",Ahron Shapiro,,2019-04-03,1852,https://www.youtube.com/watch?v=crgoNOdgRAQ,,crgoNOdgRAQ
not-AI,2019,"Official Israeli Election Campaign Commercials: Wednesday, September 11, 2019 - תשדירי תעמולת בחירות",Ahron Shapiro,,2019-09-12,1424,https://www.youtube.com/watch?v=_BdsMW0JpYo,,_BdsMW0JpYo
not-AI,2019,The Arab-Israeli Voters May Boycott 2019 Israel Elections,i24NEWS English,,2019-04-03,142,https://www.youtube.com/watch?v=arNgOU_ubpQ,,arNgOU_ubpQ
not-AI,2019,ynet בחירות 2019: גדעון סער בראיון לאולפן,ynet,,2019-04-09,277,https://www.youtube.com/watch?v=0-8Vl_GQEMk,,0-8Vl_GQEMk
not-AI,2019,ynet בחירות 2019: תוצאות המדגמים - אריה דרעי באולפן,ynet,,2019-04-09,119,https://www.youtube.com/watch?v=gp4WZeBXMBA,,gp4WZeBXMBA
not-AI,2019,אבישי סלע - פודקאסט תשדירי בחירות 2019 - חלק 2,beitarist20,,2019-03-28,1025,https://www.youtube.com/watch?v=UUtzjs1q4OI,,UUtzjs1q4OI
not-AI,2019,אולפן בחירות 2019 - ראיון עם נשיא המדינה רובי ריבלין,ynet,,2019-04-09,168,https://www.youtube.com/watch?v=Ys2AZgj7BEk,,Ys2AZgj7BEk
not-AI,2019,אושרו התוצאות הסופיות של בחירות 2019 ב',ynet,,2019-10-16,76,https://www.youtube.com/watch?v=YaKuHZU8kIU,,YaKuHZU8kIU
not-AI,2019,איילת שקד  תשדיר בחירות 2019,סרטונים מהפוליטיקה,,2019-01-26,54,https://www.youtube.com/watch?v=XMsRywwlOGs,,XMsRywwlOGs
not-AI,2019,"בחזרה ל""עתיד"" של יאיר לפיד | בחירות 2019.",שמיר ופטרוזיליה,,2018-12-26,143,https://www.youtube.com/watch?v=-ROlT24A49E,,-ROlT24A49E
not-AI,2019,"בחירות 2019 - גנץ ולפיד הכריזו על איחוד ורוטציה, ראיון עם תמר זנדברג",ynet,,2019-02-21,270,https://www.youtube.com/watch?v=gD00dW71uO0,,gD00dW71uO0
not-AI,2019,"בחירות 2019 - העימות האחרון באולפן: ח""כ מיכל רוזין נגד עידית סילמן",ynet,,2019-04-08,728,https://www.youtube.com/watch?v=Vq5BndqHul4,,Vq5BndqHul4
not-AI,2019,"בחירות 2019 - העימות האחרון באולפן: משה אבוטבול נגד ח""כ עודד פורר",ynet,,2019-04-08,707,https://www.youtube.com/watch?v=G8oVWV9F7qM,,G8oVWV9F7qM
not-AI,2019,בחירות 2019 - נציגי המפלגות הקטנות בתור לבחירת האותיות לקלפי,ynet,,2019-02-20,148,https://www.youtube.com/watch?v=m1vgXBz-aCA,,m1vgXBz-aCA
not-AI,2019,"בחירות 2019 - ראיון עם הח""כ אורי מקלב, לקראת איחוד גנץ לפיד",ynet,,2019-02-21,420,https://www.youtube.com/watch?v=Os-HIKQxPMY,,Os-HIKQxPMY
not-AI,2019,"בחירות 2019 - ריאיון באולפן ynet עם ח""כ אביגדור ליברמן",ynet,,2019-01-29,791,https://www.youtube.com/watch?v=0FaivaBaBMQ,,0FaivaBaBMQ
not-AI,2019,"בחירות 2019 - רשימת מפלגת ""גשר"" בראשות אורלי לוי-אבקסיס",ynet,,2019-02-20,110,https://www.youtube.com/watch?v=5Nz3ZpAjuGQ,,5Nz3ZpAjuGQ
not-AI,2019,בחירות 2019 | סרטוני התעמולה יצאו לדרך נראה לי שדברתם קצת יותר מדי,True News,,2019-01-18,153,https://www.youtube.com/watch?v=9HnzFbtROuQ,,9HnzFbtROuQ
not-AI,2019,בחירות 2019 בסרט הזה כבר היינו | yes VOD,yes tv (יס),,2019-09-12,40,https://www.youtube.com/watch?v=KBcFXJ1VMWw,,KBcFXJ1VMWw
not-AI,2019,בחירות 2019 גדעון סער ליכוד ריאיון אולפן ynet,ynet,,2019-04-07,692,https://www.youtube.com/watch?v=ENFhJztmLYo,,ENFhJztmLYo
not-AI,2019,בחירות 2019:  הקלפיות נפתחו כסדרן,כאן | חדשות - תאגיד השידור הישראלי,,2019-04-09,395,https://www.youtube.com/watch?v=KNqZR3mBxHw,,KNqZR3mBxHw
not-AI,2019,בחירות 2019: אהוד ברק קורא להצביע למפלגת העבודה,ynet,,2019-04-08,57,https://www.youtube.com/watch?v=WDfSldq7O4k,,WDfSldq7O4k
not-AI,2019,בחירות 2019: איילת שקד מגיבה לתוצאות אחרי ספירת קולות החיילים,ynet,,2019-04-11,31,https://www.youtube.com/watch?v=2P5mxw8Fi1Y,,2P5mxw8Fi1Y
not-AI,2019,בחירות 2019: העימות בין העבודה לכחול לבן,ynet,,2019-03-12,773,https://www.youtube.com/watch?v=atqC0XuvfFo,,atqC0XuvfFo
not-AI,2019,בחירות 2019: הקוסם חזי דין חוזה את תוצאות הבחירות,ynet,,2019-04-10,255,https://www.youtube.com/watch?v=ENwkAVQMJuc,,ENwkAVQMJuc
not-AI,2019,בחירות 2019: טל רוסו במטה מפלגת העבודה לאחר תוצאות המדגמים,ynet,,2019-04-12,34,https://www.youtube.com/watch?v=lqGNZ0x5m1s,,lqGNZ0x5m1s
not-AI,2019,בחירות 2019: טל רוסו ממפלגת העבודה בראיון בעקבות המדגם,ynet,,2019-04-09,62,https://www.youtube.com/watch?v=xYunCh0VXLM,,xYunCh0VXLM
not-AI,2019,"בחירות 2019: יו""ר העבודה אבי גבאי בכיכר רבין",ynet,,2019-04-06,31,https://www.youtube.com/watch?v=3J-eWYq1RuA,,3J-eWYq1RuA
not-AI,2019,בחירות 2019: יואב קיש מגיע לאולפן,ynet,,2019-04-09,273,https://www.youtube.com/watch?v=1xsOPa1_Chw,,1xsOPa1_Chw
not-AI,2019,בחירות 2019: כנס איחוד מפלגות הימין,ynet,,2019-04-06,80,https://www.youtube.com/watch?v=uvZOXwZcmLA,,uvZOXwZcmLA
not-AI,2019,"בחירות 2019: מרצ ומפלגת העבודה יתאחדו? ריאיון באולפן ynet עם ח""כ עיסאווי פריג ויריב אופנהיימר",ynet,,2019-02-11,388,https://www.youtube.com/watch?v=4STJtDT6eEA,,4STJtDT6eEA
not-AI,2019,בחירות 2019: נפתלי בנט ואיילת שקד מגיבים לספירת קולות החיילים,ynet,,2019-04-11,44,https://www.youtube.com/watch?v=gws7qqZxvWo,,gws7qqZxvWo
not-AI,2019,בחירות 2019: סערה פוליטית סביב סרטון הומוריסטי של כחול לבן,ynet,,2019-08-05,54,https://www.youtube.com/watch?v=TLmhpm-2-SM,,TLmhpm-2-SM
not-AI,2019,"בחירות 2019: ריאיון באולפן עם ח""כ אביגדור ליברמן",ynet,,2019-03-28,796,https://www.youtube.com/watch?v=VxsQhpAu8Ts,,VxsQhpAu8Ts
not-AI,2019,"בחירות 2019: תוצאות האמת - ראיון עם הח""כית שלי יחימוביץ'",ynet,,2019-04-15,508,https://www.youtube.com/watch?v=nQRRx0Aiz0Y,,nQRRx0Aiz0Y
not-AI,2019,בחירות 2019: תיעוד: מצלמות מטעם הליכוד בקלפיות במגזר הערבי,כאן | חדשות - תאגיד השידור הישראלי,,2019-04-09,317,https://www.youtube.com/watch?v=2Ya8cN8K8p0,,2Ya8cN8K8p0
not-AI,2019,"בן גביר סוכן, בוטים והבושם של שקד: בחירות 2019 - הרגעים הגדולים",כאן | חדשות - תאגיד השידור הישראלי,,2019-04-09,259,https://www.youtube.com/watch?v=M2wScbfdEqs,,M2wScbfdEqs
not-AI,2019,"ההתיישבות צריכה אריה חזק!

ש""ס

בחירות 2019",בוחרים שס,,2019-09-05,58,https://www.youtube.com/watch?v=LBGuY1sK6g0,,LBGuY1sK6g0
not-AI,2019,הפיראטים - תשדיר רדיו בחירות 2019  מועד א' ומועד ב' (ספטמבר),Pirate Party Israel - מפלגת הפיראטים,,2019-03-24,120,https://www.youtube.com/watch?v=OKJ0LRraZaU,,OKJ0LRraZaU
not-AI,2019,הצהרתו של נתניהו לקראת בחירות 2019,ynet,,2018-12-24,143,https://www.youtube.com/watch?v=6BSeMt6gF6U,,6BSeMt6gF6U
not-AI,2019,מא' ועד ץ': הקרב על האותיות לקראת בחירות 2019,ynet,,2019-02-20,181,https://www.youtube.com/watch?v=C8YPbRQwQAM,,C8YPbRQwQAM
not-AI,2019,מפלגת הפיראטים   תשדיר רדיו  שני בחירות 2019,Pirate Party Israel - מפלגת הפיראטים,,2019-04-01,122,https://www.youtube.com/watch?v=_Ih2sfHZEGQ,,_Ih2sfHZEGQ
not-AI,2019,"מפלגת ש""ס בחירות 2019",תנועת שס,,2019-02-14,35,https://www.youtube.com/watch?v=5XhHLkahsJA,,5XhHLkahsJA
not-AI,2019,מרצ בחירות 2019 א סרט משרד החינוך,Studio Elefant,,2019-10-22,45,https://www.youtube.com/watch?v=bo74tb5ZxfQ,,bo74tb5ZxfQ
not-AI,2019,מרצ בחירות 2019א - סרט תמר  זנדברג,Studio Elefant,,2019-10-22,60,https://www.youtube.com/watch?v=JUOVxoRjJ-c,,JUOVxoRjJ-c
not-AI,2019,נאום יאיר לפיד בהצגת רשימת יש עתיד לבחירות 2019,ynet,,2019-02-18,615,https://www.youtube.com/watch?v=1otLf5DM2jY,,1otLf5DM2jY
not-AI,2019,סיכום בחירות 2019,ynet,,2019-04-09,184,https://www.youtube.com/watch?v=q0T2P4Em6E4,,q0T2P4Em6E4
not-AI,2019,סיכום מיוחד: כך נראו בחירות 2019,ynet,,2019-04-09,184,https://www.youtube.com/watch?v=rOE9g0lNO3o,,rOE9g0lNO3o
not-AI,2019,עלי סלאלחה |בחירות 2019 |מרצ,‫סרטים בהתאמה אישית (‪Point Of You‬‏)‬‎,,2019-03-04,131,https://www.youtube.com/watch?v=sL4l3ff2OAA,,sL4l3ff2OAA
not-AI,2019,פריימריז מרצ בחירות 2019,ynet,,2019-02-14,52,https://www.youtube.com/watch?v=9pNITKcAhLg,,9pNITKcAhLg
not-AI,2019,"קלמן וסג""ל | 27.06.19: בחירות 2019 - מועד ב'",כאן | חדשות - תאגיד השידור הישראלי,,2019-06-27,3008,https://www.youtube.com/watch?v=u91Bl4tvh28,,u91Bl4tvh28
not-AI,2019,קמפיין בחירות העבודה גשר 2019 ב'  - עמיר פרץ מוריד את השפם,Studio Elefant,,2019-10-23,129,https://www.youtube.com/watch?v=r2TZP2pkqzw,,r2TZP2pkqzw
not-AI,2019,קמפיין הליכוד בחירות 2019 | ביבי נתניהו מי בא לים?,Everything that runs on the world,,2019-08-13,79,https://www.youtube.com/watch?v=eK6nOqN-GXI,,eK6nOqN-GXI
not-AI,2019,רשימת מרצ לבחירות 2019,ynet,,2019-02-14,209,https://www.youtube.com/watch?v=t1ecChzLsis,,t1ecChzLsis
not-AI,2019,תעמולת בחירות 2019 מפלגת הליכוד סרטון 3,ynet,,2019-03-27,60,https://www.youtube.com/watch?v=jmH_zssLYEg,,jmH_zssLYEg
not-AI,2019,תעמולת בחירות 2019 מפלגת מרצ סרטון 2,ynet,,2019-03-27,59,https://www.youtube.com/watch?v=g9tq2d2XXJ0,,g9tq2d2XXJ0
not-AI,2019,תעמולת בחירות | 03.04.2019,כאן | חדשות - תאגיד השידור הישראלי,,2019-04-03,2202,https://www.youtube.com/watch?v=FMMQX8LVQDE,,FMMQX8LVQDE
not-AI,2019,תשדיר בחירות הפיראטים 2019,Pirate Party Israel - מפלגת הפיראטים,,2019-04-07,121,https://www.youtube.com/watch?v=DeROmlKkIt4,,DeROmlKkIt4
not-AI,2019,תשדיר בחירות שני של מפלגת הפיראטים בבחירות 2019,Pirate Party Israel - מפלגת הפיראטים,,2019-03-31,119,https://www.youtube.com/watch?v=2y2Zn5yh5g0,,2y2Zn5yh5g0
not-AI,2019,תשדיר תעמולה - בחירות 2019 מועד ב',Pirate Party Israel - מפלגת הפיראטים,,2019-09-04,120,https://www.youtube.com/watch?v=iSOpsGpsP2M,,iSOpsGpsP2M
not-AI,2019,תשדיר תעמולה שני - הפיראטים ספטמבר 2019,Pirate Party Israel - מפלגת הפיראטים,,2019-09-08,120,https://www.youtube.com/watch?v=BVklzscH930,,BVklzscH930
not-AI,2019,תשדירי בחירות 2019,Shoko Vanil,,2019-04-11,675,https://www.youtube.com/watch?v=npWbru8HrXM,,npWbru8HrXM
not-AI,2019,תשדירי בחירות 2019 - הסיבוב השני,Shoko Vanil,,2020-03-18,1000,https://www.youtube.com/watch?v=IG7vNQnNOgw,,IG7vNQnNOgw
not-AI,2020,Israeli 2020 Election Results,ILTV Israel News,,2020-03-02,3410,https://www.youtube.com/watch?v=jCx1cn-nwdg,,jCx1cn-nwdg
not-AI,2020,Key players in Israel Elections 2020 | Benjamin Netanyahu | Benny Gantz | WION News,WION,,2020-03-02,241,https://www.youtube.com/watch?v=6Z7x5kBT2HI,,6Z7x5kBT2HI
not-AI,2020,"Last day to campaign - ILTV Israel news - Mar. 1, 2020",ILTV Israel News,,2020-03-01,275,https://www.youtube.com/watch?v=DQRsDmz9QEw,,DQRsDmz9QEw
not-AI,2020,"Official Israeli Election Campaign Commercials: Monday, February 24, 2020 - תשדירי תעמולת בחירות",Ahron Shapiro,,2020-02-24,1442,https://www.youtube.com/watch?v=eRyQWLd9EIY,,eRyQWLd9EIY
not-AI,2020,"Official Israeli Election Campaign Commercials: Saturday, February 29, 2020 - תשדירי תעמולת בחירות",Ahron Shapiro,,2020-02-29,3388,https://www.youtube.com/watch?v=1jVdqpUwuME,,1jVdqpUwuME
not-AI,2020,"Official Israeli Election Campaign Commercials: Sunday, February 23, 2020 - תשדירי תעמולת בחירות",Ahron Shapiro,,2020-02-23,1321,https://www.youtube.com/watch?v=nLd52wOlmjk,,nLd52wOlmjk
not-AI,2020,The 2020 Israeli Elections: A Pre-Vote Private Briefing with Professor Gabriel Weimann,American Friends of University of Haifa,,2020-02-28,1420,https://www.youtube.com/watch?v=19lFVv1jqAE,,19lFVv1jqAE
not-AI,2020,Trollitica - בחירות 2020 - פרק 1,Trollitica - הטרול של הפוליטיקה,,2019-12-28,217,https://www.youtube.com/watch?v=9PT_8n-cUro,,9PT_8n-cUro
not-AI,2020,Watch: 2020 Democrats Blast Prime Minister Benjamin Netanyahu Ahead Of Israel Election | NBC News,NBC News,,2019-04-08,123,https://www.youtube.com/watch?v=wtFh2NOzgIM,,wtFh2NOzgIM
not-AI,2020,[ףז] הפיראטים - לדמוקרטיה לחצו כאן / תשדיר בחירות 2020,Pirate Party Israel - מפלגת הפיראטים,,2020-02-15,300,https://www.youtube.com/watch?v=L9l8P4wUdXs,,L9l8P4wUdXs
not-AI,2020,בחירות 2020  - הטריילר הרשמי,הקופסה,,2019-12-12,44,https://www.youtube.com/watch?v=saOtIDRnZ4I,,saOtIDRnZ4I
not-AI,2020,בחירות 2020 - מפלגת עוצמה ליברלית כלכלית,"עו״ד יניב פרץ משפט פלילי, מנהלי וזכויות אדם",,2020-01-28,214,https://www.youtube.com/watch?v=CssZ9L43Y80,,CssZ9L43Y80
not-AI,2020,"בחירות 2020 | החדש של ש""ס: הרב עובדיה יוסף זצ""ל מתחנן ""להצביע ש""ס""",Bahazit News,,2020-03-01,53,https://www.youtube.com/watch?v=luWAQ0hT-Nw,,luWAQ0hT-Nw
not-AI,2020,"בחירות 2020 | החדש של ש""ס: נאום השבת של מנחם בגין • צפו",Bahazit News,,2020-02-04,55,https://www.youtube.com/watch?v=aNZDfT6PbC4,,aNZDfT6PbC4
not-AI,2020,"בחירות 2020 | החדש של ש""ס: על מי ביבי באמת סומך? • צפו",Bahazit News,,2020-02-16,24,https://www.youtube.com/watch?v=aj9mheYOLE0,,aj9mheYOLE0
not-AI,2020,בחירות 2020 | הליכוד בסרטון חדש: יעקב פרי מאשר את הדיל עם המשותפת,Bahazit News,,2020-02-21,45,https://www.youtube.com/watch?v=Ayfs_naDLM0,,Ayfs_naDLM0
not-AI,2020,בחירות 2020 | העבודה-גשר-מרצ בסרטון חדש: רק גוש גדול קובע,Bahazit News,,2020-02-21,40,https://www.youtube.com/watch?v=jAxDqJtt2LU,,jAxDqJtt2LU
not-AI,2020,בחירות 2020 | הפוליטיקאים הסתערו על מרכזי הבילוי,חדשות 13,,2020-03-02,143,https://www.youtube.com/watch?v=T1Fyj11099w,,T1Fyj11099w
not-AI,2020,בחירות 2020 | הרשימה המשותפת מציגה: ביבי מפחד מהדוקטור טיבי,Bahazit News,,2020-03-01,97,https://www.youtube.com/watch?v=lZ33JFCTxq0,,lZ33JFCTxq0
not-AI,2020,בחירות 2020 | זמן טוב להיזכר במה שהיה בבחירות 81,חדשות 13,,2020-03-15,153,https://www.youtube.com/watch?v=PwUF42n143k,,PwUF42n143k
not-AI,2020,בחירות 2020 | יהדות התורה מציגה: כשליברמן רוצה להיות פוטין!,Bahazit,,2020-02-24,49,https://www.youtube.com/watch?v=TYGt3k1UMik,,TYGt3k1UMik
not-AI,2020,בחירות 2020 | פתאום כולם נזכרו לטפל בבריאות שלכם! צפו בתשדיר של 'יהדות התורה',Bahazit,,2020-02-17,119,https://www.youtube.com/watch?v=geE-crWgKEE,,geE-crWgKEE
not-AI,2020,"בחירות 2020 | ש""ס מציגה: מצעד האמנים של מנחם טוקר, בכיכובו של אברהם פריד • צפו",Bahazit News,,2020-02-16,150,https://www.youtube.com/watch?v=CXm7zRsHOrU,,CXm7zRsHOrU
not-AI,2020,"בחירות 2020 | ש""ס מציגה: תקציר כנס השקת הקמפיין של המפלגה • צפו",Bahazit News,,2020-02-03,77,https://www.youtube.com/watch?v=lkZLmTPGD7s,,lkZLmTPGD7s
not-AI,2020,"בחירות 2020 | ש""ס קורצת לחב""דניקים ומפרסמת סרטון חדש: ""גם אני מצביע ש""ס""",Bahazit News,,2020-02-27,100,https://www.youtube.com/watch?v=onztpQT4sSQ,,onztpQT4sSQ
not-AI,2020,בחירות 2020 בפתח ומה אומר הסקר שלנו לגבי בחירת נשים לרשימות,מדיה נבחרות,,2020-02-17,133,https://www.youtube.com/watch?v=uX6vNh6A9js,,uX6vNh6A9js
not-AI,2020,בחירות 2020 האם יש מקום למפלגת נשים אולפן ynet,ynet,,2020-03-01,318,https://www.youtube.com/watch?v=YmrFbQjGZOY,,YmrFbQjGZOY
not-AI,2020,בחירות 2020 נתניהו,סרטונים על ביבי,,2020-03-05,94,https://www.youtube.com/watch?v=OygHAXQqdOs,,OygHAXQqdOs
not-AI,2020,בחירות 2020: מטה הליכוד אחרי תוצאות המדגמים,ynet,,2020-03-03,214,https://www.youtube.com/watch?v=TGa6al1NQ94,,TGa6al1NQ94
not-AI,2020,הביקורת של ריבלין וקלפיות הקורונה | בחירות 2020 דקה אחר דקה,כאן | חדשות - תאגיד השידור הישראלי,,2020-03-02,63,https://www.youtube.com/watch?v=QSEusvOlzuc,,QSEusvOlzuc
not-AI,2020,היבא יזבק מגיבה על החלטת העליון לאשר לה את ההתמודדות בבחירות 2020,ynet,,2020-02-10,59,https://www.youtube.com/watch?v=iN4LjBe4Tro,,iN4LjBe4Tro
not-AI,2020,היעד של הרשימה הערבית המשותפת בבחירות 2020: 15 מנדטים,ynet,,2019-12-12,34,https://www.youtube.com/watch?v=EuHsvMPkaUU,,EuHsvMPkaUU
not-AI,2020,ועידת מרצ בחירות 2020 בהשתתפות ניצן הורוביץ ותמר זנדברג,ynet,,2019-12-22,443,https://www.youtube.com/watch?v=Ez9PMOyuXVc,,Ez9PMOyuXVc
not-AI,2020,חדשות הלילה | 16.12.19: בחירות 2020 – סער השיק את הקמפיין וביקר את נתניהו,כאן | חדשות - תאגיד השידור הישראלי,,2019-12-17,1819,https://www.youtube.com/watch?v=BfJSpHHyhHM,,BfJSpHHyhHM
not-AI,2020,יאיר מרטון ערוץ הכנסת לקראת בחירות סבב 3 2020 2.3,Yair Marton,,2020-02-19,504,https://www.youtube.com/watch?v=AmOw9zsB7bg,,AmOw9zsB7bg
not-AI,2020,כן - רק העם יכול! | תשדיר מדיני-ביטחוני של אני ואתה - מפלגת העם הישראלית | בחירות 2020,אני ואתה - מפלגת העם הישראלית,,2020-02-19,60,https://www.youtube.com/watch?v=DzRdkZaQKv8,,DzRdkZaQKv8
not-AI,2020,משדר בליץ בחירות 2020 באולפן אביגדור ליברמן,ynet,,2020-02-27,479,https://www.youtube.com/watch?v=Qx1qBXX34GU,,Qx1qBXX34GU
not-AI,2020,משדר בליץ בחירות 2020 באולפן איימן עודה,ynet,,2020-02-28,559,https://www.youtube.com/watch?v=F5Z8csUlOb8,,F5Z8csUlOb8
not-AI,2020,משדר בליץ בחירות 2020 באולפן איתמר בן גביר,ynet,,2020-02-27,487,https://www.youtube.com/watch?v=_kckRTwQTWE,,_kckRTwQTWE
not-AI,2020,"ניתוח תשדירי הבחירות של ש""ס בבחירות 2020- דיוק קהל יעד (אווטאר)  ונגיעה ברגש #בחירות #הצבעה",Authority Academy,,2020-03-01,634,https://www.youtube.com/watch?v=DHovrJIhn-I,,DHovrJIhn-I
not-AI,2020,תוצאות הבחירות 2020 מדגם,Amiran Zizovi,,2020-03-01,10,https://www.youtube.com/watch?v=1ZtBjDVbNEI,,1ZtBjDVbNEI
not-AI,2020,תשדיר בחירות 2020,Udi Golan - Virtual Studio Designer,,2020-03-03,60,https://www.youtube.com/watch?v=Ex_msz1zmUo,,Ex_msz1zmUo
not-AI,2020,תשדיר בחירות 2020 ש״ס,גביש מדיה,,2020-08-13,34,https://www.youtube.com/watch?v=QhjsuCqhcmE,,QhjsuCqhcmE
not-AI,2021,05/01/2021 ח״כ משה אבוטבול (ש״ס) בנאום רגע לפני יציאת הכנסת לפגרת בחירות:,ח״כ משה אבוטבול ש״ס - סגן שר החקלאות,,2021-01-05,93,https://www.youtube.com/watch?v=Xw5cU6PqEQc,,Xw5cU6PqEQc
not-AI,2021,2. בחירות 2021 - ניתוח העברת המסר של יאיר לפיד.,מגדלור - המכון ללימודי שפת גוף ומיומנויות תקשורת,,2021-03-23,180,https://www.youtube.com/watch?v=07K1djU4xwM,,07K1djU4xwM
not-AI,2021,Episode 1 – 2021 Israeli Election Preview,New Israel Fund Australia,,2021-02-10,365,https://www.youtube.com/watch?v=XII-dvaQQ2c,,XII-dvaQQ2c
not-AI,2021,Episode 2 (International Women's Day) – 2021 Israeli Election Preview,New Israel Fund Australia,,2021-03-08,303,https://www.youtube.com/watch?v=sMCpChZl6Oo,,sMCpChZl6Oo
not-AI,2021,Episode 3 – 2021 Israeli Election Preview,New Israel Fund Australia,,2021-03-17,381,https://www.youtube.com/watch?v=yMR2y5d1lQs,,yMR2y5d1lQs
not-AI,2021,Major Issues in the March 2021 Israeli Election (vlog),Elections Israel,,2021-03-17,582,https://www.youtube.com/watch?v=VEFq9L7gNmk,,VEFq9L7gNmk
not-AI,2021,"New alliances, parties, & politicians join the fray ahead of Israeli elections 2021- Gil Hoffman",ILTV Israel News,,2021-01-05,235,https://www.youtube.com/watch?v=GXLibfhrv7w,,GXLibfhrv7w
not-AI,2021,The Israeli Election of 2021,Elections Israel,,2021-06-16,214,https://www.youtube.com/watch?v=vDmy-82FYN4,,vDmy-82FYN4
not-AI,2021,בחירות 2021   ותיקי מפלגת העבודה   מרב מיכאלי,Studio Lavi,,2021-03-25,60,https://www.youtube.com/watch?v=6mVYSDKYXF0,,6mVYSDKYXF0
not-AI,2021,"בחירות 2021 - הרב יגאל כהן : ""דיי להסטה, כולנו יהודים""",anafeam,,2021-03-21,197,https://www.youtube.com/watch?v=17h6AFC2iT0,,17h6AFC2iT0
not-AI,2021,בחירות 2021 : במי צריכים לבחור גם אחרי הבחירות❓❓ למי להצביע ❓❓🤔 מה השם בוחר❓❓ הרב עובדיה דרעי - HD,"MADA VEHASCEL  ""מדע והשכל"" להפצת התורה YouTube",,2021-03-19,140,https://www.youtube.com/watch?v=mTz19llPbMA,,mTz19llPbMA
not-AI,2021,"הקמפיינרים של בחירות 2021 | הקמפיין המפלג, המוצלח והגרוע ביותר",C14,,2021-03-16,983,https://www.youtube.com/watch?v=1sceZFIfvyY,,1sceZFIfvyY
not-AI,2021,"יעלון השיק את הקמפיין של תל""ם לבחירות 2021",ynet,,2021-01-11,172,https://www.youtube.com/watch?v=hcXNXJY-AY4,,hcXNXJY-AY4
not-AI,2021,כאן 11 - שידורי תעמולת הבחירות לכנסת 14.03.2021,Ohayou3,,2021-03-14,1447,https://www.youtube.com/watch?v=iFBSoY3_zl0,,iFBSoY3_zl0
not-AI,2021,כאן 11 - שידורי תעמולת הבחירות לכנסת 16.03.2021,Ohayou3,,2021-03-17,1687,https://www.youtube.com/watch?v=HTPRRnVLWus,,HTPRRnVLWus
not-AI,2021,כאן 11 - שידורי תעמולת הבחירות לכנסת 17.03.2021,Ohayou3,,2021-03-17,1793,https://www.youtube.com/watch?v=Hvig6t4aVkk,,Hvig6t4aVkk
not-AI,2021,כאן 11 - שידורי תעמולת הבחירות לכנסת 18.03.2021,Ohayou3,,2021-03-18,2759,https://www.youtube.com/watch?v=n0umlKXRRW8,,n0umlKXRRW8
not-AI,2021,מרצ - קמפיין בחירות 2021,Space Cat Video ,,2021-05-19,18,https://www.youtube.com/watch?v=v20w0ZLHY0c,,v20w0ZLHY0c
not-AI,2021,"משדר בחירות 2021 - יו""ר ""יש עתיד"" יאיר לפיד",התנועה הקיבוצית,,2021-03-15,1724,https://www.youtube.com/watch?v=HtGIf0AZdP8,,HtGIf0AZdP8
not-AI,2021,"משדר בחירות 2021 - יו""ר העבודה מרב מיכאלי",התנועה הקיבוצית,,2021-03-15,1747,https://www.youtube.com/watch?v=4T7Bcw5GV50,,4T7Bcw5GV50
not-AI,2021,"משדר בחירות 2021 - יו""ר כחול לבן, שר הביטחון בני גנץ",התנועה הקיבוצית,,2021-03-14,1744,https://www.youtube.com/watch?v=NDw_jXHBjCg,,NDw_jXHBjCg
not-AI,2021,"משדר בחירות 2021 - יו""ר מרצ ניצן הורוביץ",התנועה הקיבוצית,,2021-03-14,1830,https://www.youtube.com/watch?v=UIPCWx2r1pQ,,UIPCWx2r1pQ
not-AI,2021,נפתלי בנט בראיון לחדשות כיפה בחירות 2021,חדשות כיפה,,2021-03-18,32,https://www.youtube.com/watch?v=_PpkaW5pFFE,,_PpkaW5pFFE
not-AI,2021,ערב ערב 25.03.21 | בחירות 2021 - תוצאות האמת,כאן | חדשות - תאגיד השידור הישראלי,,2021-03-25,3599,https://www.youtube.com/watch?v=xEpdO-PRtcU,,xEpdO-PRtcU
not-AI,2021,פוליטיקאים מסכימים על המרחב הציבורי בשבת - בחירות 2021, Ne’emanei Torah Va’Avodah,,2021-03-07,77,https://www.youtube.com/watch?v=VRbGetffAoQ,,VRbGetffAoQ
not-AI,2021,פוליטיקאים מסכימים על התיקון הנדרש במערך הכשרות - בחירות 2021, Ne’emanei Torah Va’Avodah,,2021-02-17,88,https://www.youtube.com/watch?v=-QRTFIeunHc,,-QRTFIeunHc
not-AI,2021,פוליטיקאים מסכימים על התיקון הנדרש בשירותי הדת - בחירות 2021, Ne’emanei Torah Va’Avodah,,2021-02-17,81,https://www.youtube.com/watch?v=FcFRmXlQwn0,,FcFRmXlQwn0
not-AI,2021,קליפ הבחירות של תנועת שס 2021,מזמור לדוד,,2021-02-20,200,https://www.youtube.com/watch?v=e1aAC6_UIn4,,e1aAC6_UIn4
not-AI,2021,קמפיין בחירות הציונות הדתית 2021 - סרטון סיום קמפיין,Eli Singer,,2021-03-24,115,https://www.youtube.com/watch?v=Z8rLZgfqfpI,,Z8rLZgfqfpI
not-AI,2021,קמפיין בצלאל סמוטריץ' בחירות 2021,Yehudit Pasal,,2021-03-24,114,https://www.youtube.com/watch?v=e8LmMJ2JBHg,,e8LmMJ2JBHg
not-AI,2021,שס:תשדיר בחירות ראשון 2021,Copy Peste,,2021-01-16,31,https://www.youtube.com/watch?v=-6WHhhI7a_Q,,-6WHhhI7a_Q
not-AI,2021,תוצאות הבחירות  2021 23/03/21 ( מדגם ראשון - תנו פעמון ),תוכן,,2021-03-23,116,https://www.youtube.com/watch?v=LH8NMt_eOlQ,,LH8NMt_eOlQ
not-AI,2021,תעמולת בחירות לכנסת ה24 מקבץ 11 במרץ 2021 מערוץ כאן 11,כרמי ועוד,,2021-03-12,2082,https://www.youtube.com/watch?v=RNe0eiPv-I0,,RNe0eiPv-I0
not-AI,2021,תעמולת בחירות לכנסת ה24 מקבץ 14 במרץ 2021 מערוץ קשת 12,כרמי ועוד,,2021-03-20,1446,https://www.youtube.com/watch?v=5_TiDtlHMa0,,5_TiDtlHMa0
not-AI,2021,תעמולת בחירות לכנסת ה24 מקבץ 18 במרץ 2021 מערוץ כאן 11 חלקי,כרמי ועוד,,2021-03-20,1657,https://www.youtube.com/watch?v=3H_R3_VYeLM,,3H_R3_VYeLM
not-AI,2021,׳מנהיגות חברתית׳ תשדיר בחירות 2021,Shake Ka,,2021-03-08,60,https://www.youtube.com/watch?v=EEMDspmFtDA,,EEMDspmFtDA
not-AI,2022,"#בחירות #2022 - כמה אתם יודעים על מפלגת הליכוד? היום התקיימו הפריימריז למפלגה, תצפו ותבחנו בעצמכם",ערוץ כנסת 99,,2022-08-10,88,https://www.youtube.com/watch?v=Ha665s07s60,,Ha665s07s60
not-AI,2022,"#בחירות #2022 - כמה אתם יודעים על מפלגת העבודה? היום התקיימו הפריימריז למפלגה, תצפו ותבחנו בעצמכם",ערוץ כנסת 99,,2022-08-09,86,https://www.youtube.com/watch?v=VJVklxrIWv8,,VJVklxrIWv8
not-AI,2022,"03/07/2022 ח״כ משה אבוטבול (ש״ס) בראיון בחירות בפרלמנט צהרים אצל מזל מועלם בערוץ הכנסת, צפו;",ח״כ משה אבוטבול ש״ס - סגן שר החקלאות,,2022-07-03,619,https://www.youtube.com/watch?v=uvzdIafPROw,,uvzdIafPROw
not-AI,2022,בחירות 2022 - בשבילכם זה על היוקר ובשבילם זה על המחייה,פתחון לב- ארגון גג הומניטרי בישראל,,2022-08-28,222,https://www.youtube.com/watch?v=Gl7eZKk4KUI,,Gl7eZKk4KUI
not-AI,2022,"בחירות 2022 - רה""מ לפיד: ""נחכה בסבלנות עד שיגיעו הנתונים הסופיים"".",ערוץ כנסת 99,,2022-11-02,271,https://www.youtube.com/watch?v=kvC-bMvRVdE,,kvC-bMvRVdE
not-AI,2022,בחירות 2022 חדשות 13 - משחק כיסאות,Sun Video Studios,,2023-01-25,131,https://www.youtube.com/watch?v=FHj4K7ETUEA,,FHj4K7ETUEA
not-AI,2022,שידורי תעמולת הבחירות לכנסת ה-25 19.10.2022 - כאן 11,Ohayou3,,2022-10-20,1604,https://www.youtube.com/watch?v=jQfhuaqkMSk,,jQfhuaqkMSk
not-AI,2022,שידורי תעמולת הבחירות לכנסת ה-25 20.10.2022 - כאן 11,Ohayou3,,2022-10-21,1095,https://www.youtube.com/watch?v=Paroz7BIeX8,,Paroz7BIeX8
not-AI,2022,שידורי תעמולת הבחירות לכנסת ה-25 21.10.2022 - כאן 11,Ohayou3,,2022-10-22,1780,https://www.youtube.com/watch?v=7zVYHe9vzOk,,7zVYHe9vzOk
not-AI,2022,שידורי תעמולת הבחירות לכנסת ה-25 24.10.2022 - כאן 11,Ohayou3,,2022-10-25,1397,https://www.youtube.com/watch?v=CxuitAumW2s,,CxuitAumW2s
